{
  "SeniorCitizen": {
    "mean": 0.1544,
    "std": 0.3613678975109304,
    "min": 0.0,
    "max": 1.0
  },
  "tenure": {
    "mean": 35.3958,
    "std": 21.10780543424754,
    "min": 0.0,
    "max": 72.0
  },
  "MonthlyCharges": {
    "mean": 68.16654399999999,
    "std": 28.7044000329621,
    "min": 18.09,
    "max": 117.97
  },
  "TotalCharges": {
    "mean": 2407.521272,
    "std": 1856.8804442936498,
    "min": 0.0,
    "max": 8476.36
  }
}